太陽埤,宜蘭縣,員山鄉
枕頭山,宜蘭縣,員山鄉
崩山湖,宜蘭縣,員山鄉
貢仔子湖,宜蘭縣,員山鄉
月眉湖,宜蘭縣,三星鄉
松羅湖,宜蘭縣,大同鄉
清水地熱,宜蘭縣,大同鄉
排骨溪,宜蘭縣,大同鄉
梵梵溫泉,宜蘭縣,大同鄉
多望溪,宜蘭縣,大同鄉
鴛鴦湖,宜蘭縣,大同鄉
獨立山,宜蘭縣,大同鄉
嘉羅山,宜蘭縣,大同鄉
太平山,宜蘭縣,大同鄉
神代谷,宜蘭縣,大同鄉
多望溪,宜蘭縣,大同鄉
金面山,宜蘭縣,蘇澳鎮
砲臺山,宜蘭縣,蘇澳鎮
金面山,宜蘭縣,蘇澳鎮
烏石鼻,宜蘭縣,蘇澳鎮
烏岩角,宜蘭縣,蘇澳鎮
虎頭山,宜蘭縣,蘇澳鎮
大南澳,宜蘭縣,蘇澳鎮
澳尾山,宜蘭縣,蘇澳鎮
草嶺,宜蘭縣,頭城鎮
外大溪,宜蘭縣,頭城鎮
龜山島,宜蘭縣,頭城鎮
橋枋湖,宜蘭縣,頭城鎮
嘉羅山,宜蘭縣,大同鄉
蛙仔山,宜蘭縣,蘇澳鎮
破鼎湖,宜蘭縣,冬山鄉
獨立山,宜蘭縣,南澳鄉
金面溪,宜蘭縣,頭城鎮
錦芳灣,宜蘭縣,頭城鎮
浮洲,宜蘭縣,頭城鎮
石燭坑,宜蘭縣,頭城鎮
鵠仔山,宜蘭縣,礁溪鄉
五峰旗瀑布,宜蘭縣,礁溪鄉
大礁溪,宜蘭縣,礁溪鄉
寒死人溪,宜蘭縣,大同鄉
七星潭,花蓮縣,花蓮市
奇萊鼻,花蓮縣,花蓮市
美崙山,花蓮縣,花蓮市
燕子口,花蓮縣,秀林鄉
華綠溪,花蓮縣,秀林鄉
龍溪,花蓮縣,秀林鄉
樂沙澳,花蓮縣,秀林鄉
七星潭,花蓮縣,新城鄉
鯉魚山,花蓮縣,壽豐鄉
鯉魚潭,花蓮縣,壽豐鄉
東月眉山,花蓮縣,壽豐鄉
北月眉山,花蓮縣,壽豐鄉
賀田山,花蓮縣,壽豐鄉
牛山,花蓮縣,壽豐鄉
水璉尾山,花蓮縣,壽豐鄉
猴子山,花蓮縣,瑞穗鄉
虎頭山,花蓮縣,瑞穗鄉
人仔山,花蓮縣,瑞穗鄉
加里屯山,花蓮縣,光復鄉
馬錫山,花蓮縣,光復鄉
苓仔齋山,花蓮縣,玉里鎮
馬太林山,花蓮縣,玉里鎮
太古嶺,花蓮縣,玉里鎮
坪頂山,花蓮縣,玉里鎮
大嵙山,花蓮縣,玉里鎮
赤科山,花蓮縣,玉里鎮
安通山,花蓮縣,玉里鎮
香蕉山,花蓮縣,富里鄉
船仔山,花蓮縣,玉里鎮
清水谷,花蓮縣,萬榮鄉
大安山,花蓮縣,萬榮鄉
安通越山,花蓮縣,富里鄉
六十石山,花蓮縣,富里鄉
泥火山,花蓮縣,富里鄉
茂毛山,花蓮縣,富里鄉
原荖腦山,花蓮縣,壽豐鄉
北加路蘭山,花蓮縣,壽豐鄉
北水林尾山,花蓮縣,壽豐鄉
加籠籠山,花蓮縣,光復鄉
月洞,花蓮縣,豐濱鄉
阿眉溪,花蓮縣,富里鄉
牛鬥山,花蓮縣,富里鄉
金仔溝,花蓮縣,富里鄉
九岸溪,花蓮縣,富里鄉
螺仔溪,花蓮縣,富里鄉
金仔溝,花蓮縣,富里鄉
萬年松溪,花蓮縣,富里鄉
九芎嶺,花蓮縣,富里鄉
北加路蘭山,花蓮縣,豐濱鄉
北頭溪,花蓮縣,豐濱鄉
大港山,花蓮縣,豐濱鄉
獅球嶼,花蓮縣,豐濱鄉
納納山,花蓮縣,豐濱鄉
南安瀑布,花蓮縣,卓溪鄉
美耶山,花蓮縣,卓溪鄉
花崗山,花蓮縣,花蓮市
巴仔灣,花蓮縣,花蓮市
林田山,花蓮縣,鳳林鎮
慈湖,金門縣,金寧鄉
雙鯉湖,金門縣,金寧鄉
湖尾溪,金門縣,金寧鄉
觀音亭山,金門縣,金寧鄉
觀音山,金門縣,金寧鄉
雙乳山,金門縣,金寧鄉
乳山,金門縣,金寧鄉
煙墩山,金門縣,金寧鄉
南鵲山,金門縣,金沙鎮
北鵲山,金門縣,金沙鎮
青蛙石,金門縣,烏坵鄉
一線天,金門縣,烏坵鄉
塔山,金門縣,金湖鎮
太湖,金門縣,金湖鎮
陽明湖,金門縣,金湖鎮
母嶼,金門縣,金湖鎮
北碇島,金門縣,金湖鎮
太武池,金門縣,金湖鎮
黃龍潭,金門縣,金湖鎮
白珠山,金門縣,烈嶼鄉
大股山,金門縣,烈嶼鄉
靈山,金門縣,烈嶼鄉
陽山,金門縣,烈嶼鄉
龍蟠山,金門縣,烈嶼鄉
北山,金門縣,烈嶼鄉
南山,金門縣,烈嶼鄉
紅山,金門縣,烈嶼鄉
連山,金門縣,烈嶼鄉
福上山,金門縣,烈嶼鄉
麒麟山,金門縣,烈嶼鄉
龜山,金門縣,烈嶼鄉
陵水湖,金門縣,烈嶼鄉
清遠湖,金門縣,烈嶼鄉
蓮湖,金門縣,烈嶼鄉
菱湖,金門縣,烈嶼鄉
復興嶼,金門縣,烈嶼鄉
猛虎嶼,金門縣,烈嶼鄉
大膽島,金門縣,烈嶼鄉
二擔島,金門縣,烈嶼鄉
獅嶼,金門縣,烈嶼鄉
檳榔嶼,金門縣,烈嶼鄉
珠山,金門縣,金城鎮
獻台山,金門縣,金城鎮
翟山,金門縣,金城鎮
南磐山,金門縣,金城鎮
塔山,金門縣,金城鎮
青山,金門縣,金城鎮
東沙山,金門縣,金城鎮
上水獅山,金門縣,金城鎮
山前山,金門縣,金城鎮
豐蓮山,金門縣,金城鎮
燕南山,金門縣,金城鎮
大帽山,金門縣,金城鎮
梁山,金門縣,金城鎮
赤山,金門縣,金城鎮
莒光湖,金門縣,金城鎮
古崗湖,金門縣,金城鎮
建功嶼,金門縣,金城鎮
大岩嶼,金門縣,金城鎮
太武山,金門縣,金沙鎮
九女山,金門縣,金沙鎮
金龜山,金門縣,金沙鎮
五龍山,金門縣,金沙鎮
天摩山,金門縣,金沙鎮
獅山,金門縣,金沙鎮
虎山,金門縣,金沙鎮
虎螺山,金門縣,金沙鎮
面前山,金門縣,金沙鎮
美人山,金門縣,金沙鎮
榮湖,金門縣,金沙鎮
東店湖,金門縣,金沙鎮
龍陵湖,金門縣,金沙鎮
西園湖,金門縣,金沙鎮
西園嶼,金門縣,金沙鎮
官澳礁,金門縣,金沙鎮
振武頭,金門縣,金沙鎮
后嶼,金門縣,金沙鎮
草嶼,金門縣,金沙鎮
金沙溪,金門縣,金沙鎮
田浦溪,金門縣,金沙鎮
汶水溪,金門縣,金沙鎮
高坑溪,金門縣,金沙鎮
照鏡山,南投縣,竹山鎮
大鞍山,南投縣,竹山鎮
瑞龍瀑布,南投縣,竹山鎮
獅仔頭山,南投縣,集集鎮
清水溪,南投縣,集集鎮
集集大樟樹,南投縣,集集鎮
集集大山,南投縣,集集鎮
鳳梨山,南投縣,名間鄉
濁水溪,南投縣,名間鄉
牛牯嶺,南投縣,名間鄉
鳳凰瀑布,南投縣,鹿谷鄉
觀音山,南投縣,中寮鄉
集集大山,南投縣,中寮鄉
觀音瀑布,南投縣,埔里鎮
火燄山,南投縣,草屯鎮
墓碑山,南投縣,草屯鎮
鳥嘴潭,南投縣,草屯鎮
清水溪,南投縣,竹山鎮
茄荖山,南投縣,草屯鎮
九份二山,南投縣,中寮鄉
龍鳳瀑布,南投縣,中寮鄉
清水湖,南投縣,中寮鄉
濁水湖,南投縣,中寮鄉
中心山,南投縣,中寮鄉
日月潭,南投縣,魚池鄉
光華島,南投縣,魚池鄉
土地公鞍嶺,南投縣,魚池鄉
神仙島,南投縣,國姓鄉
雙龍瀑布,南投縣,信義鄉
眉溪,南投縣,仁愛鄉
阿里不動溪,南投縣,信義鄉
東埔溫泉,南投縣,信義鄉
彩虹瀑布,南投縣,信義鄉
守城大山,南投縣,仁愛鄉
北港溪,南投縣,仁愛鄉
紅香溫泉,南投縣,仁愛鄉
帖比倫峽谷,南投縣,仁愛鄉
馬海僕富士山,南投縣,仁愛鄉
碧湖,南投縣,仁愛鄉
南山溪,南投縣,仁愛鄉
櫻山,南投縣,仁愛鄉
廬山溫泉,南投縣,仁愛鄉
老佛山,屏東縣,滿州鄉
南仁湖,屏東縣,滿州鄉
港仔砂漠,屏東縣,滿州鄉
旭海溫泉,屏東縣,牡丹鄉
萬年溪,屏東縣,屏東市
三臺山,屏東縣,恆春鎮
赤牛嶺,屏東縣,恆春鎮
馬鞍山,屏東縣,恆春鎮
大山母山,屏東縣,恆春鎮
潭子灣,屏東縣,恆春鎮
大尖石山,屏東縣,恆春鎮
門馬羅山,屏東縣,恆春鎮
石牛溪,屏東縣,恆春鎮
香蕉灣,屏東縣,恆春鎮
鵝鑾鼻,屏東縣,恆春鎮
風吹沙,屏東縣,恆春鎮
貓鼻頭,屏東縣,恆春鎮
鯉魚泥火山,屏東縣,萬丹鄉
殺蛇溪,屏東縣,長治鄉
二重溪,屏東縣,里港鄉
大津瀑布,屏東縣,高樹鄉
餉潭,屏東縣,新埤鄉
鯉魚山,屏東縣,新園鄉
龜仔路山,屏東縣,琉球鄉
花瓶仔澳,屏東縣,琉球鄉
龍蝦洞,屏東縣,琉球鄉
大寮澳,屏東縣,琉球鄉
烏鬼洞,屏東縣,琉球鄉
美人洞,屏東縣,琉球鄉
海口砂丘,屏東縣,車城鄉
瓏狸溪,屏東縣,車城鄉
龜山,屏東縣,車城鄉
涼山瀑布,屏東縣,瑪家鄉
阿麻湖,苗栗縣,後龍鎮
南勢山,苗栗縣,後龍鎮
鷂婆山,苗栗縣,大湖鄉
托盤山,苗栗縣,公館鄉
鱸鰻潭,苗栗縣,南庄鄉
三角湖,苗栗縣,南庄鄉
向天湖,苗栗縣,南庄鄉
鳥嘴山,苗栗縣,南庄鄉
南山,苗栗縣,南庄鄉
芎蕉湖,苗栗縣,南庄鄉
飛燕山,苗栗縣,南庄鄉
神棹山,苗栗縣,三灣鄉
牛背山,苗栗縣,銅鑼鄉
打哪叭溪,苗栗縣,銅鑼鄉
雙峰山,苗栗縣,銅鑼鄉
中心埔,苗栗縣,銅鑼鄉
天花湖,苗栗縣,銅鑼鄉
龜仔山,苗栗縣,三義鄉
重河,苗栗縣,三義鄉
火炎山,苗栗縣,苗栗市
二坪山,苗栗縣,苗栗市
福星山,苗栗縣,苗栗市
木鐸山,苗栗縣,苗栗市
崩山河,苗栗縣,苗栗市
鳳形山,苗栗縣,苗栗市
頭前溪,苗栗縣,竹南鎮
圓潭溪,苗栗縣,竹南鎮
中港溪,苗栗縣,竹南鎮
灰寮溪,苗栗縣,竹南鎮
尖筆山,苗栗縣,竹南鎮
尖山,苗栗縣,竹南鎮
鹽水港溪,苗栗縣,竹南鎮
人字山,苗栗縣,頭份鎮
南港溪,苗栗縣,頭份鎮
流水潭,苗栗縣,頭份鎮
上大山,苗栗縣,後龍鎮
下大山,苗栗縣,後龍鎮
下溪洲,苗栗縣,後龍鎮
頭湖,苗栗縣,後龍鎮
雞冠山,苗栗縣,通霄鎮
後壁溪,苗栗縣,苑裡鎮
小湖頂,苗栗縣,南庄鄉
關刀山,苗栗縣,三義鄉
劉錫娘潭,苗栗縣,三義鄉
火炎山,苗栗縣,三義鄉
望晴谷,苗栗縣,三義鄉
土牛溝,苗栗縣,西湖鄉
斧頭山,苗栗縣,西湖鄉
帽合山,苗栗縣,頭屋鄉
合杈河,苗栗縣,公館鄉
矮仔山,苗栗縣,公館鄉
王爺潭,苗栗縣,大湖鄉
武榮山,苗栗縣,大湖鄉
關刀山,苗栗縣,大湖鄉
仙山,苗栗縣,獅潭鄉
大坡塘,苗栗縣,獅潭鄉
龍山,苗栗縣,泰安鄉
上島溫泉,苗栗縣,泰安鄉
烏嘴山,桃園市,復興區
水尾溪,桃園市,楊梅區
馬望曾呂山,桃園市,復興區
觀音山,桃園市,大溪區
金面山,桃園市,大溪區
烏塗窟山,桃園市,大溪區
橫山,桃園市,大園區
尾寮山,桃園市,大溪區
慈湖,桃園市,大溪區
後慈湖,桃園市,大溪區
草嶺山,桃園市,大溪區
白石山,桃園市,大溪區
牛角湳山,桃園市,大溪區
溪洲山,桃園市,大溪區
龍珠灣,桃園市,大溪區
南崁溪,桃園市,桃園區
茄苳溪,桃園市,桃園區
隘寮頂,桃園市,平鎮區
金雞湖,桃園市,平鎮區
金東湖,桃園市,平鎮區
八角塘,桃園市,平鎮區
水燈潭,桃園市,龍潭區
伯公山,桃園市,楊梅區
崩陂,桃園市,楊梅區
尖山,桃園市,復興區
大金山,桃園市,楊梅區
老坑山,桃園市,楊梅區
老坑尾山,桃園市,楊梅區
大平山,桃園市,楊梅區
崎頂山,桃園市,楊梅區
斬龍,桃園市,楊梅區
斬龍口,桃園市,楊梅區
崩坡,桃園市,楊梅區
老窩山,桃園市,楊梅區
虎頭崗,桃園市,楊梅區
頭亭溪,桃園市,楊梅區
虎頭山,桃園市,桃園區
溪洲仔,桃園市,桃園區
楓樹林,桃園市,桃園區
後山,桃園市,桃園區
夫婦山,桃園市,復興區
西立斯山,桃園市,復興區
李棟山,桃園市,復興區
防列區山,桃園市,復興區
拉拉山,桃園市,復興區
美奎西莫山,桃園市,復興區
唐穗山,桃園市,復興區
泰平山,桃園市,復興區
麒麟山,桃園市,楊梅區
鳳凰山,桃園市,楊梅區
員笨大陂,桃園市,楊梅區
紅崩崗,桃園市,楊梅區
社子溪,桃園市,楊梅區
楊梅溪,桃園市,楊梅區
洽窪潭,桃園市,楊梅區
六股溪,桃園市,楊梅區
六股溪,桃園市,楊梅區
尖山,桃園市,大園區
雙溪口,桃園市,龜山區
溪洲山,桃園市,大溪區
過溪,桃園市,龜山區
頭洲溪,桃園市,楊梅區
四湖溪,桃園市,楊梅區
東流溪,桃園市,楊梅區
頭重溪,桃園市,楊梅區
老坑溪,桃園市,楊梅區
二重溪,桃園市,楊梅區
十五間溪,桃園市,楊梅區
上陰影窩溪,桃園市,楊梅區
瓦窯溪,桃園市,楊梅區
秀才窩溪,桃園市,楊梅區
東勢溪,桃園市,楊梅區
草湳溪,桃園市,楊梅區
崩陂溪,桃園市,楊梅區
鹿鳴窩溪,桃園市,楊梅區
馬崙砲山,桃園市,復興區
埤谷山,桃園市,復興區
雪白山,桃園市,復興區
塔曼山,桃園市,復興區
稜山,桃園市,復興區
雕石山,桃園市,復興區
金平山,桃園市,復興區
水燈潭,桃園市,中壢區
字紙潭,桃園市,中壢區
前慈湖,桃園市,大溪區
八五山,桃園市,復興區
枕頭山,桃園市,復興區
圓山,桃園市,復興區
補助埠,桃園市,中壢區
蝙蝠洞,桃園市,復興區
月桃溪,桃園市,中壢區
紅土墩,桃園市,中壢區
山豬湖,桃園市,大溪區
流廊坡,桃園市,中壢區
脾仔山,桃園市,復興區
東眼山,桃園市,復興區
斷匯,桃園市,復興區
洞口,桃園市,復興區
那結山,桃園市,復興區
龍山岩,桃園市,大溪區
愛河,高雄市,鹽埕區
四社山,高雄市,桃源區
桃源溫泉,高雄市,桃源區
他果晏山,高雄市,桃源區
排剪山,高雄市,桃源區
大關山,高雄市,桃源區
復興溫泉,高雄市,桃源區
梅山,高雄市,桃源區
典寶溪,高雄市,梓官區
田螺潭,高雄市,梓官區
澄清湖,高雄市,鳥松區
荷苞嶼,高雄市,路竹區
馬頭山,高雄市,旗山區
三桃山,高雄市,旗山區
總督埤山,高雄市,大社區
中圳溪,高雄市,大社區
大埤山,高雄市,大社區
和尚頭山,高雄市,大社區
猴子山,高雄市,大社區
翠湖,高雄市,大社區
蜈蜞嶺,高雄市,大社區
靈山,高雄市,旗山區
三貢山,高雄市,旗山區
中寮山,高雄市,旗山區
旗尾山,高雄市,旗山區
高尾山,高雄市,旗山區
鼓山,高雄市,旗山區
赤山,高雄市,鳳山區
武洛塘山,高雄市,鳳山區
蝦仔山,高雄市,大社區
雞母山,高雄市,大寮區
牛潮湖,高雄市,大樹區
青蕃溪,高雄市,岡山區
後壁窟,高雄市,岡山區
清水岩茄苳老樹,高雄市,林園區
月光山,高雄市,美濃區
雙峰山,高雄市,美濃區
靈山,高雄市,美濃區
人頭山,高雄市,美濃區
金字面山,高雄市,美濃區
茶頂山,高雄市,美濃區
月眉山,高雄市,美濃區
媽祖婆山,高雄市,茄萣區
蛟龍阬山,高雄市,大寮區
七星山,高雄市,燕巢區
小滾水山,高雄市,燕巢區
金山,高雄市,燕巢區
太陽谷,高雄市,燕巢區
養女湖,高雄市,燕巢區
角宿陂,高雄市,燕巢區
石塔山,高雄市,燕巢區
農場山,高雄市,燕巢區
大山,高雄市,旗山區
頂湖,高雄市,旗山區
三點山,高雄市,彌陀區
漯底山,高雄市,彌陀區
眠牛山,高雄市,燕巢區
下烏山,高雄市,燕巢區
割蘭陂嶺,高雄市,燕巢區
橫山,高雄市,燕巢區
金洞,高雄市,鼓山區
高雄溫泉,高雄市,鼓山區
龍山,高雄市,美濃區
紅崎山,高雄市,大樹區
觀音湖,高雄市,仁武區
馬頭山,高雄市,內門區
十八羅漢山,高雄市,六龜區
內英山,高雄市,六龜區
打狗山,高雄市,鼓山區
半屏山,高雄市,左營區
蛇山,高雄市,左營區
蓮池潭,高雄市,左營區
楠梓溪,高雄市,楠梓區
蓮花堀,高雄市,楠梓區
金獅湖,高雄市,三民區
不老溫泉,高雄市,六龜區
寶來溫泉,高雄市,六龜區
烏山,高雄市,田寮區
寧靜湖,高雄市,田寮區
月世界,高雄市,田寮區
六義山,高雄市,甲仙區
廓亭山,高雄市,甲仙區
前鎮河,高雄市,前鎮區
旗後半島,高雄市,旗津區
後山,高雄市,田寮區
螞蟻山,高雄市,田寮區
大竹溪山,高雄市,甲仙區
鯉魚山,高雄市,甲仙區
白雲山,高雄市,甲仙區
六義山,高雄市,甲仙區
內英山,高雄市,甲仙區
觀音山,高雄市,杉林區
寨子腳山,高雄市,杉林區
紅毛山,高雄市,杉林區
枕頭山,高雄市,杉林區
百字坑溪,高雄市,杉林區
新厝仔溪,高雄市,杉林區
獅子山,高雄市,杉林區
錫安山,高雄市,那瑪夏區
大崗山,高雄市,岡山區
小崗山,高雄市,岡山區
溪埔,高雄市,岡山區
文賢市場,高雄市,岡山區
石螺潭,高雄市,岡山區
罾仔寮山,基隆市,中山區
磅硿嶺,基隆市,安樂區
大路嶺,基隆市,安樂區
闊嘴潭,基隆市,七堵區
死人潭,基隆市,七堵區
龜潭,基隆市,暖暖區
三角潭,基隆市,安樂區
情人湖,基隆市,安樂區
鶯歌石,基隆市,安樂區
泰安瀑布,基隆市,七堵區
六堵山,基隆市,七堵區
堵南山,基隆市,七堵區
五堵嶺,基隆市,七堵區
白砂山,基隆市,七堵區
樟湖,基隆市,七堵區
鴛鴦潭,基隆市,七堵區
豬母潭,基隆市,七堵區
石獅山,基隆市,七堵區
長潭,基隆市,七堵區
巷仔潭,基隆市,暖暖區
銷鍵嶺,基隆市,暖暖區
暖東峽谷,基隆市,暖暖區
桶盤嶼,基隆市,中正區
尖山仔鼻,基隆市,中正區
金魚湖,基隆市,中正區
龍仔山,基隆市,中正區
榕樹灣,基隆市,暖暖區
仙洞澳,基隆市,中山區
火號澳,基隆市,中山區
枕頭山,基隆市,信義區
麻竹湖,基隆市,信義區
圓仔湯嶺,基隆市,信義區
獅球嶺,基隆市,仁愛區
石山,基隆市,安樂區
康樂嶺,基隆市,安樂區
松樹嶺,基隆市,安樂區
柑仔園山,基隆市,安樂區
密婆洞,基隆市,仁愛區
仙洞鼻,基隆市,中山區
仙洞澳,基隆市,中山區
火號嶺,基隆市,中山區
外木山,基隆市,中山區
內木山,基隆市,中山區
龍仔山,基隆市,中正區
中山仔島,基隆市,中正區
番字洞,基隆市,中正區
珠螺澳,基隆市,中正區
土地公澳,基隆市,中正區
沙灣嶺,基隆市,中正區
石山,基隆市,中正區
七斗山,基隆市,中正區
落嶺灣,基隆市,中正區
白海砂埔,基隆市,中正區
大斜棚,基隆市,中正區
尖山仔鼻,基隆市,中正區
獅仔頭山,基隆市,中正區
反水嶺,基隆市,中正區
龍頭山,基隆市,中正區
小基隆山,基隆市,中正區
基隆嶼,基隆市,中正區
花瓶嶼,基隆市,中正區
棉花嶼,基隆市,中正區
彭佳嶼,基隆市,中正區
小坵,連江縣,北竿鄉
大坵,連江縣,北竿鄉
獅嶼,連江縣,北竿鄉
大澳山,連江縣,北竿鄉
燈塔山,連江縣,莒光鄉
滬裡沙灘,連江縣,莒光鄉
中流嶼,連江縣,莒光鄉
西牛嶼,連江縣,莒光鄉
曲蹄灣,連江縣,莒光鄉
老頭山,連江縣,莒光鄉
林頭嶼,連江縣,莒光鄉
酒罈浦,連江縣,莒光鄉
東洋山,連江縣,莒光鄉
菜浦澳,連江縣,莒光鄉
西莒島,連江縣,莒光鄉
武士嶺,連江縣,莒光鄉
樂道澳,連江縣,莒光鄉
復興嶺,連江縣,莒光鄉
西路山,連江縣,莒光鄉
田澳山,連江縣,莒光鄉
東引島,連江縣,東引鄉
烈女義坑,連江縣,東引鄉
柴澳,連江縣,東引鄉
小柴澳,連江縣,東引鄉
龍船砂,連江縣,東引鄉
圓圓澳,連江縣,東引鄉
馬祖列島,連江縣,
牛角嶺,連江縣,南竿鄉
福澳嶺,連江縣,南竿鄉
褔清嶺,連江縣,南竿鄉
成功山,連江縣,南竿鄉
南竿島,連江縣,南竿鄉
秋桂山,連江縣,南竿鄉
夫人嶺,連江縣,南竿鄉
雲臺山,連江縣,南竿鄉
梅石嶺,連江縣,南竿鄉
大牛山,連江縣,南竿鄉
鞋礁,連江縣,南竿鄉
北泉礁,連江縣,南竿鄉
劉泉礁,連江縣,南竿鄉
北竿島,連江縣,北竿鄉
亮島,連江縣,北竿鄉
亮礁,連江縣,北竿鄉
三連嶼,連江縣,北竿鄉
老鼠礁,連江縣,北竿鄉
白廟,連江縣,北竿鄉
高登島,連江縣,北竿鄉
北山,連江縣,北竿鄉
鐵尖島,連江縣,北竿鄉
中島,連江縣,北竿鄉
天王澳,連江縣,東引鄉
獨角帽,連江縣,東引鄉
中柱島,連江縣,東引鄉
風山,連江縣,北竿鄉
里山,連江縣,北竿鄉
進嶼,連江縣,北竿鄉
蛤蜊島,連江縣,北竿鄉
鵲石,連江縣,北竿鄉
壁山,連江縣,北竿鄉
清水山,連江縣,南竿鄉
海現龍闕,連江縣,東引鄉
西引島,連江縣,東引鄉
牛背嶺,連江縣,南竿鄉
黃官嶼,連江縣,南竿鄉
翰林角,連江縣,南竿鄉
老鼠砂,連江縣,東引鄉
犬齒,連江縣,東引鄉
腰山,連江縣,南竿鄉
官帽山,連江縣,南竿鄉
蛇山,連江縣,莒光鄉
棋盤山,連江縣,莒光鄉
東犬山,連江縣,莒光鄉
東澳,連江縣,東引鄉
芙蓉礁,連江縣,東引鄉
雙子礁,連江縣,東引鄉
清水澳,連江縣,東引鄉
羅漢坪,連江縣,東引鄉
后澳,連江縣,東引鄉
小北固礁,連江縣,東引鄉
恩愛山,連江縣,東引鄉
二重山,連江縣,東引鄉
世尾山,連江縣,東引鄉
后澳山,連江縣,東引鄉
北固礁,連江縣,東引鄉
黃丹砂,連江縣,東引鄉
南引島,連江縣,東引鄉
大澳,連江縣,東引鄉
一線天,連江縣,東引鄉
短坡山,連江縣,北竿鄉
蚌山,連江縣,北竿鄉
燕巢澳,連江縣,東引鄉
南引,連江縣,東引鄉
雷山,連江縣,北竿鄉
螺山,連江縣,北竿鄉
小魚,連江縣,莒光鄉
大魚,連江縣,莒光鄉
東莒島,連江縣,莒光鄉
芹山,連江縣,北竿鄉
龜島,連江縣,北竿鄉
中澳口,連江縣,北竿鄉
鱷魚岬,連江縣,東引鄉
蓮花園山,連江縣,東引鄉
南澳,連江縣,東引鄉
南澳山,連江縣,東引鄉
蛇砂,連江縣,東引鄉
尼姑山,連江縣,北竿鄉
劍潭湖,雲林縣,古坑鄉
雞籠山,雲林縣,古坑鄉
北港溪,雲林縣,北港鎮
赤石六山,新北市,萬里區
磺嘴山,新北市,萬里區
絲線嶺,新北市,林口區
林口溪,新北市,林口區
馬山,新北市,林口區
打鐵潭,新北市,林口區
後坑溪,新北市,林口區
觀音山,新北市,林口區
北勢坑溪,新北市,五股區
雞母嶺,新北市,貢寮區
老梅溪,新北市,石門區
大道公山,新北市,石門區
下員坑溪,新北市,石門區
白沙灣,新北市,石門區
小坑仔溪,新北市,石門區
楓林溪,新北市,石門區
番仔山,新北市,石門區
阿里荖溪,新北市,石門區
草埔尾溪,新北市,石門區
小坑溪,新北市,石門區
青山瀑布,新北市,石門區
石門溪,新北市,石門區
石崩山溪,新北市,石門區
布蓬溪,新北市,三芝區
閹雞山,新北市,五股區
崩山,新北市,深坑區
石虎山,新北市,深坑區
蝦灣,新北市,深坑區
飛螢谷,新北市,深坑區
賴仲坑溪,新北市,深坑區
賴仲坑山,新北市,深坑區
土庫溪,新北市,深坑區
金面山,新北市,汐止區
土庫山,新北市,深坑區
茄苳瀑布,新北市,汐止區
大尖坪山,新北市,汐止區
翠湖,新北市,汐止區
土地公潭,新北市,汐止區
坑頭山,新北市,汐止區
秀峰瀑布,新北市,汐止區
肉崩嶺,新北市,汐止區
草埤,新北市,泰山區
貴子坑溪,新北市,泰山區
八分山,新北市,瑞芳區
深澳山,新北市,瑞芳區
瑞芳山,新北市,瑞芳區
無草山,新北市,瑞芳區
洋寮鼻,新北市,貢寮區
深澳灣,新北市,瑞芳區
陰陽海,新北市,瑞芳區
三爪子坑山,新北市,瑞芳區
蛇子崙山,新北市,瑞芳區
三貂嶺山,新北市,瑞芳區
新埤溪,新北市,深坑區
猴山岳,新北市,深坑區
萬順寮潭,新北市,深坑區
景美溪,新北市,深坑區
萬順溪,新北市,深坑區
楊厝溪,新北市,深坑區
外股溪,新北市,深坑區
深坑溪,新北市,深坑區
伏獅山,新北市,石碇區
內崩山,新北市,石碇區
獺狸山,新北市,石碇區
大漢溪,新北市,新莊區
啞口坑溪,新北市,新莊區
塔寮坑溪,新北市,新莊區
硬漢嶺,新北市,八里區
華富山,新北市,八里區
中嶺山,新北市,新店區
屈尺山,新北市,新店區
燕子湖,新北市,新店區
楓樹湖,新北市,淡水區
炮子崙瀑布,新北市,深坑區
筆架山,新北市,深坑區
虎仔山,新北市,五股區
萬高山,新北市,五股區
北勢溪,新北市,三芝區
淺水灣,新北市,三芝區
大同山,新北市,樹林區
狗蹄山,新北市,樹林區
大漢溪,新北市,樹林區
傑士嶺,新北市,坪林區
萊萊鼻,新北市,貢寮區
土地公嶺,新北市,貢寮區
石碇溪,新北市,貢寮區
紅葉溪,新北市,深坑區
楓林溪,新北市,深坑區
虎頭山,新北市,新店區
塗潭山,新北市,新店區
南勢溪,新北市,新店區
加久嶺,新北市,新店區
濛濛谷,新北市,新店區
五峰山,新北市,新店區
鶯歌石,新北市,鶯歌區
溪南山,新北市,三峽區
觀音坑溪,新北市,五股區
百拉卡山,新北市,三芝區
翡翠嶺,新北市,萬里區
大屯溪,新北市,三芝區
烘爐山,新北市,三芝區
神主嶺,新北市,萬里區
福隆山,新北市,五股區
龜子山,新北市,三芝區
崩山,新北市,五股區
風吹山,新北市,五股區
大鵬硫磺溫泉,新北市,萬里區
占山,新北市,五股區
蓬萊坑溪,新北市,五股區
大尖山,新北市,汐止區
王軍寮瀑布,新北市,深坑區
魚行山,新北市,深坑區
小溪瀑布,新北市,汐止區
磺港山,新北市,金山區
獅頭山,新北市,金山區
磺港半島,新北市,金山區
燭臺雙嶼,新北市,金山區
大坑溪,新北市,三芝區
坑仔內小溪,新北市,三芝區
西勢溪,新北市,金山區
磺溪,新北市,金山區
金包里溪,新北市,金山區
員潭溪,新北市,金山區
龜窯山,新北市,五股區
馬場山,新北市,五股區
水碓窠溪,新北市,五股區
旗竿湖,新北市,五股區
和尚山,新北市,五股區
巖仙洞,新北市,八里區
鳳梨山,新北市,五股區
新店溪,新北市,板橋區
二子山,新北市,淡水區
向天山,新北市,淡水區
南湖,新北市,淡水區
興華坑山,新北市,淡水區
蛤仔山,新北市,淡水區
大竹林山,新北市,雙溪區
虎頭山,新北市,淡水區
勸湖,新北市,汐止區
新山,新北市,汐止區
三秀山,新北市,汐止區
虎形山,新北市,汐止區
茄苳腳山,新北市,汐止區
茶壼山,新北市,瑞芳區
新山,新北市,瑞芳區
內溝溪,新北市,汐止區
鹿窟山,新北市,汐止區
十三分山,新北市,汐止區
四分尾山,新北市,汐止區
白雲山,新北市,汐止區
禮門溪,新北市,汐止區
茄苳溪,新北市,汐止區
保長坑溪,新北市,汐止區
東山溪,新北市,汐止區
智慧溪,新北市,汐止區
下寮溪,新北市,汐止區
北港溪,新北市,汐止區
鹿寮坑溪,新北市,汐止區
大坑溪,新北市,汐止區
康誥坑溪,新北市,汐止區
北峰溪,新北市,汐止區
半屏山,新北市,瑞芳區
叭嗹港溪,新北市,汐止區
獅頭山,新北市,汐止區
草山,新北市,瑞芳區
基隆山,新北市,瑞芳區
龜頭山,新北市,萬里區
野柳岬,新北市,萬里區
瑪鍊山,新北市,萬里區
瑪鍊溪,新北市,萬里區
瑪鍊灣,新北市,萬里區
八斗山,新北市,萬里區
員潭溪,新北市,萬里區
茶壼山,新北市,瑞芳區
大坪山,新北市,深坑區
先生嶺,新北市,汐止區
五指山,新北市,汐止區
五堵南山,新北市,汐止區
二坪山,新北市,萬里區
開眼尖山,新北市,萬里區
八連溪,新北市,三芝區
白匏仔湖,新北市,三芝區
檳榔坑溪,新北市,五股區
宜蘭山,新北市,五股區
大屯山,新北市,淡水區
蝙蝠山,新北市,雙溪區
頂坑溪,新北市,雙溪區
雙溪川,新北市,雙溪區
大竹林山,新北市,雙溪區
後番仔坑溪,新北市,雙溪區
公泰山,新北市,雙溪區
三水潭,新北市,雙溪區
虎豹潭,新北市,雙溪區
鶯子嶺,新北市,雙溪區
溪尾寮溪,新北市,雙溪區
坪溪,新北市,雙溪區
桶盤堀山,新北市,貢寮區
福隆山,新北市,貢寮區
隆隆溪,新北市,貢寮區
雙溪川,新北市,貢寮區
萊萊山,新北市,貢寮區
大崎頭山,新北市,新店區
直潭山,新北市,新店區
濛濛谷,新北市,新店區
九分坑山,新北市,雙溪區
大公尖山,新北市,新店區
土崎頭山,新北市,新店區
北勢溪,新北市,新店區
東獅頭山,新北市,新店區
平廣溪,新北市,新店區
獅頭山,新北市,新店區
大尖山瀑布,新北市,汐止區
金龍湖,新北市,汐止區
大嵙崁,新北市,板橋區
大漢溪,新北市,板橋區
砲臺山,新北市,貢寮區
尖山遺址,新北市,中和區
員山遺址,新北市,中和區
三坑溪,新北市,平溪區
面天山,新北市,淡水區
畚箕湖,新北市,淡水區
灣潭,新北市,三峽區
五寮山尖,新北市,三峽區
金平山,新北市,三峽區
湊合山,新北市,三峽區
五十分山,新北市,三峽區
鳶山,新北市,三峽區
八股山,新北市,三峽區
丁子蘭坑溪,新北市,雙溪區
燦光寮山,新北市,雙溪區
平林溪,新北市,雙溪區
屈尺溪,新北市,雙溪區
東山,新北市,雙溪區
柑腳山,新北市,雙溪區
大坪山,新北市,雙溪區
橫山,新北市,雙溪區
灣潭山,新北市,雙溪區
六寮崙山,新北市,三峽區
獅頭山,新北市,三峽區
黃金瀑布,新北市,瑞芳區
雀榕老樹,新北市,三芝區
烏霧潭,新北市,永和區
五指山,新北市,萬里區
北插天山,新北市,烏來區
哈盆溪,新北市,烏來區
白石山,新北市,三峽區
雞罩山,新北市,三峽區
樟樹溪,新北市,烏來區
烏紗溪,新北市,烏來區
檜山,新北市,烏來區
大溪山,新北市,貢寮區
下雙溪,新北市,貢寮區
油車溪,新北市,貢寮區
大窠坑溪,新北市,泰山區
娃娃谷,新北市,烏來區
島榕溪,新北市,烏來區
逐鹿山,新北市,烏來區
卡保山,新北市,烏來區
五重溪,新北市,烏來區
禱告山,新北市,烏來區
木板溪,新北市,烏來區
普幹溪,新北市,烏來區
大羅南溪,新北市,烏來區
札孔溪,新北市,烏來區
馬岸溪,新北市,烏來區
羅培山,新北市,烏來區
塔曼山,新北市,烏來區
斯可野溪,新北市,烏來區
和美山,新北市,貢寮區
卡拉模基溪,新北市,烏來區
林望眼山,新北市,烏來區
模固山,新北市,烏來區
尖山,新北市,烏來區
松羅湖,新北市,烏來區
洪荒溪,新北市,烏來區
孤山,新北市,平溪區
寶斗溪,新北市,林口區
瑞樹坑溪,新北市,林口區
嘉寶溪,新北市,林口區
草山,新北市,石門區
保管林,新北市,石門區
崁仔腳溪,新北市,石門區
八甲溪,新北市,石門區
阿里磅溪,新北市,石門區
老崩山溪,新北市,石門區
石崩山,新北市,石門區
尖仔鹿溪,新北市,石門區
外橫山,新北市,三芝區
海尾溪,新北市,三芝區
塔寮坑溪,新北市,樹林區
竹子湖,新北市,貢寮區
三峽溪,新北市,樹林區
大舌湖山,新北市,坪林區
姜子頭山,新北市,汐止區
磺山,新北市,萬里區
清水溪,新北市,萬里區
八連溪,新北市,三芝區
阿柔溪,新北市,深坑區
土地公潭,新北市,深坑區
簪瓔山,新北市,深坑區
烏月山,新北市,深坑區
昇高溪,新北市,深坑區
烏月溪,新北市,深坑區
清水大尖山,新北市,土城區
二尖山,新北市,土城區
天上山,新北市,土城區
文筆山,新北市,土城區
五城山,新北市,土城區
大暖山,新北市,土城區
雞籠山,新北市,瑞芳區
石門灘音,新北市,中和區
埤尾山,新北市,中和區
八股山,新北市,中和區
土地公山,新北市,土城區
蝙蝠山,新北市,深坑區
荖寮溪,新北市,貢寮區
富開溫泉,新北市,萬里區
荖蘭山,新北市,貢寮區
相公山,新北市,淡水區
大溪,新北市,淡水區
十八尖山,新竹市,東區
五步吼山,新竹市,東區
柯仔湖溪,新竹市,東區
冷水坑溪,新竹市,東區
柴梳山,新竹市,東區
出粟湖,新竹市,東區
黃金洞山,新竹市,東區
石頭坑,新竹市,東區
石頭坑,新竹市,東區
虎頭山,新竹市,東區
薑母排山,新竹市,東區
青草湖,新竹市,東區
客雅溪,新竹市,東區
印斗山,新竹市,東區
摩天嶺,新竹市,東區
石頭坑,新竹市,東區
枕碩山,新竹市,東區
客雅溪,新竹市,東區
陀螺山,新竹市,香山區
洗衫坑,新竹縣,竹東鎮
西丘斯山,新竹縣,尖石鄉
軟橋山,新竹縣,竹東鎮
石壁潭,新竹縣,芎林鄉
豬湖仔山,新竹縣,竹東鎮
泰平山,新竹縣,尖石鄉
東穗山,新竹縣,尖石鄉
養老山,新竹縣,尖石鄉
馬洋山,新竹縣,尖石鄉
馬望山,新竹縣,尖石鄉
南馬洋山,新竹縣,尖石鄉
虎禮山,新竹縣,尖石鄉
泰矢生山,新竹縣,尖石鄉
鴛鴦湖,新竹縣,尖石鄉
玉羅府山,新竹縣,尖石鄉
桃山,新竹縣,尖石鄉
邊吉岩山,新竹縣,尖石鄉
錦屏山,新竹縣,尖石鄉
玉山,新竹縣,尖石鄉
李棟山,新竹縣,尖石鄉
馬惱山,新竹縣,尖石鄉
後背山,新竹縣,峨眉鄉
下埤塘,新竹縣,峨眉鄉
冬瓜山,新竹縣,峨眉鄉
布奴加里山,新竹縣,尖石鄉
赤柯山,新竹縣,峨眉鄉
赤柯坪埤,新竹縣,峨眉鄉
烏來山,新竹縣,尖石鄉
媽祖山,新竹縣,峨眉鄉
牛角山,新竹縣,尖石鄉
石麻達山,新竹縣,尖石鄉
大混山,新竹縣,尖石鄉
尖筆山,新竹縣,尖石鄉
十四寮大埤,新竹縣,峨眉鄉
鯉魚山,新竹縣,峨眉鄉
十二寮大埤,新竹縣,峨眉鄉
峨眉湖,新竹縣,峨眉鄉
大憨埤,新竹縣,峨眉鄉
牛湖塘,新竹縣,峨眉鄉
大埤,新竹縣,峨眉鄉
王爺山,新竹縣,峨眉鄉
坪頂埤,新竹縣,峨眉鄉
深埤,新竹縣,峨眉鄉
柯仔壢山,新竹縣,竹東鎮
托盤山,新竹縣,竹東鎮
三重埔山,新竹縣,竹東鎮
尖山,新竹縣,竹東鎮
聖母山,新竹縣,關西鎮
高平,新竹縣,關西鎮
樹杞林山,新竹縣,竹東鎮
尖筆山,新竹縣,橫山鄉
獅頭山,新竹縣,橫山鄉
基那吉山,新竹縣,尖石鄉
赤柯山,新竹縣,關西鎮
獅頭山,新竹縣,關西鎮
帽盒山,新竹縣,關西鎮
玉山,新竹縣,關西鎮
彩和山,新竹縣,關西鎮
檔耙山,新竹縣,關西鎮
伯公山,新竹縣,關西鎮
壽桃山,新竹縣,關西鎮
六畜山,新竹縣,關西鎮
獅頭山,新竹縣,芎林鄉
鳥嘴山,新竹縣,五峰鄉
柯仔湖溪,新竹縣,竹東鎮
上埤塘,新竹縣,峨眉鄉
雙溪山,新竹縣,寶山鄉
十鬮山,新竹縣,寶山鄉
龜山,新竹縣,峨眉鄉
拳頭山,新竹縣,竹北市
虎頭山,新竹縣,寶山鄉
寶山,新竹縣,寶山鄉
江寮山,新竹縣,寶山鄉
石壁下山,新竹縣,寶山鄉
崩坎山,新竹縣,寶山鄉
尖山,新竹縣,寶山鄉
霄裡溪,新竹縣,新埔鎮
彎潭,新竹縣,新埔鎮
犁頭山,新竹縣,新埔鎮
葫蘆潭,新竹縣,新埔鎮
鬼潭,新竹縣,新埔鎮
跌馬潭,新竹縣,新埔鎮
九芎湖,新竹縣,新埔鎮
月眉灣,新竹縣,新埔鎮
大霸尖山,新竹縣,尖石鄉
內衡屏山,新竹縣,尖石鄉
向天湖山,新竹縣,尖石鄉
尖石山,新竹縣,尖石鄉
西納基山,新竹縣,尖石鄉
拉洛山,新竹縣,尖石鄉
烏嘴山,新竹縣,尖石鄉
八五山,新竹縣,尖石鄉
湯匙山,新竹縣,北埔鄉
外坪村八鄰,新竹縣,北埔鄉
獅頭山,新竹縣,新埔鎮
鳥嘴山山脈,新竹縣,五峰鄉
茄苳坑,新竹縣,新豐鄉
樂山,新竹縣,五峰鄉
民都有大山,新竹縣,五峰鄉
佐藤山,新竹縣,五峰鄉
過水埤,新竹縣,峨眉鄉
大榕樹,嘉義市,東區
千年萬松公,嘉義市,西區
諸羅榕樹王,嘉義市,西區
外傘頂洲,嘉義縣,東石鄉
祝壽山,嘉義縣,梅山鄉
大巃山,嘉義縣,梅山鄉
水笨流,嘉義縣,番路鄉
北港溪,嘉義縣,新港鄉
木瓜寮山,嘉義縣,大埔鄉
火燒寮山,嘉義縣,大埔鄉
赤蘭溪,嘉義縣,水上鄉
獅頭崙,嘉義縣,梅山鄉
牛稠溪,嘉義縣,新港鄉
埤底,嘉義縣,朴子市
倒孔山溪,嘉義縣,梅山鄉
觀音山,嘉義縣,梅山鄉
磨刀溪,嘉義縣,梅山鄉
南靖溪,嘉義縣,梅山鄉
觀音石山,嘉義縣,梅山鄉
九芎坑溪,嘉義縣,梅山鄉
大尖山,嘉義縣,梅山鄉
二尖山,嘉義縣,梅山鄉
雲戴山,嘉義縣,梅山鄉
燕子崖,嘉義縣,梅山鄉
雲潭瀑布,嘉義縣,梅山鄉
清水溪,嘉義縣,梅山鄉
科仔林山,嘉義縣,梅山鄉
半天岩山,嘉義縣,番路鄉
鰲鼓濕地,嘉義縣,東石鄉
朴子溪,嘉義縣,朴子市
荷苞嶼,嘉義縣,朴子市
猴櫥底,嘉義縣,番路鄉
硯台山,嘉義縣,民雄鄉
新莊山,嘉義縣,鹿草鄉
斬水雞頭仔,嘉義縣,民雄鄉
草凹,嘉義縣,民雄鄉
雙福山,嘉義縣,民雄鄉
筆架山,嘉義縣,民雄鄉
大埤山,嘉義縣,水上鄉
八掌溪,嘉義縣,水上鄉
八掌溪,嘉義縣,中埔鄉
赤蘭溪,嘉義縣,中埔鄉
沄水溪,嘉義縣,中埔鄉
尖山溪,嘉義縣,中埔鄉
石?溪,嘉義縣,中埔鄉
濁水潭,嘉義縣,中埔鄉
頭凍山,嘉義縣,中埔鄉
鳥嘴尖山,嘉義縣,中埔鄉
大坪山,嘉義縣,梅山鄉
馬鞍山,嘉義縣,梅山鄉
碧鳳山,嘉義縣,梅山鄉
光崙山,嘉義縣,梅山鄉
海鼠山,嘉義縣,梅山鄉
隙頂山,嘉義縣,番路鄉
大湖尖山,嘉義縣,番路鄉
三寶山,嘉義縣,番路鄉
鳳凰瀑布,嘉義縣,番路鄉
公田底,嘉義縣,番路鄉
草山瀑布群,嘉義縣,番路鄉
葫蘆谷,嘉義縣,番路鄉
林寮溪瀑布,嘉義縣,番路鄉
頭凍山,嘉義縣,番路鄉
水流東,嘉義縣,番路鄉
匏仔寮溪,嘉義縣,大埔鄉
竹頭山,嘉義縣,大埔鄉
鹿寮仔溪,嘉義縣,大埔鄉
萬歲山,嘉義縣,阿里山鄉
祝山,嘉義縣,阿里山鄉
塔山,嘉義縣,阿里山鄉
大石壁,嘉義縣,阿里山鄉
虎頭崁山,彰化縣,花壇鄉
李仔山,彰化縣,花壇鄉
赤塗崎,彰化縣,花壇鄉
馬鳴山,彰化縣,秀水鄉
福寶濕地,彰化縣,福興鄉
烏溪,彰化縣,伸港鄉
水越臺,彰化縣,彰化市
銀行山,彰化縣,彰化市
磺溪,彰化縣,彰化市
八卦山,彰化縣,彰化市
八卦山,彰化縣,彰化市
岸頭山,彰化縣,彰化市
後壁溪,彰化縣,北斗鎮
井仔湖,彰化縣,二水鄉
旱溪,臺中市,東區
空湖,臺中市,清水區
橫流溪,臺中市,和平區
雪山,臺中市,和平區
櫻花鉤吻鮭,臺中市,和平區
登仙峽,臺中市,和平區
八仙山,臺中市,和平區
旱溪,臺中市,東區
矮山坑,臺中市,新社區
山貓仔溪,臺中市,外埔區
五龍山,臺中市,西屯區
西伴山,臺中市,北屯區
撟脊山,臺中市,北屯區
觀音山,臺中市,北屯區
冬瓜山,臺中市,太平區
上橫山,臺中市,大雅區
金瓜山,臺中市,神岡區
軟埤溪,臺中市,神岡區
釣鞭龍,臺中市,東勢區
埤頭山,臺中市,東勢區
屋背山,臺中市,東勢區
鐵砧山,臺中市,大甲區
後壁溪,臺中市,大甲區
頂後壁溪,臺中市,大安區
下後壁溪,臺中市,大安區
頭前溪,臺中市,大安區
鐘鼓山,臺中市,大肚區
王田山,臺中市,大肚區
鳳梨山,臺中市,大肚區
萬壽山,臺中市,大肚區
萬姓山,臺中市,大肚區
雙溪,臺中市,霧峰區
鯉魚山,臺北市,文山區
虎仔山,臺北市,文山區
蛇仔山,臺北市,文山區
馬明潭,臺北市,文山區
更寮山,臺北市,文山區
玉稠湖,臺北市,士林區
尾崙山,臺北市,士林區
內雙溪,臺北市,士林區
外雙溪,臺北市,士林區
大崙頭山,臺北市,士林區
四獸山,臺北市,信義區
祖師公嶺,臺北市,大安區
土地公嶺,臺北市,大安區
石頭山,臺東縣,卑南鄉
黃忠山,臺東縣,卑南鄉
肯都爾山,臺東縣,卑南鄉
溫泉,臺東縣,卑南鄉
樂山,臺東縣,卑南鄉
南溪,臺東縣,池上鄉
北溪,臺東縣,池上鄉
大坡溪,臺東縣,池上鄉
南溪,臺東縣,池上鄉
大坡山,臺東縣,池上鄉
大埔山,臺東縣,池上鄉
新武呂溪,臺東縣,池上鄉
萬安山,臺東縣,池上鄉
富興山,臺東縣,池上鄉
大水湖,臺東縣,池上鄉
銅安山,臺東縣,池上鄉
南溪,臺東縣,池上鄉
北溪,臺東縣,池上鄉
德興嶺,臺東縣,東河鄉
大水崛,臺東縣,東河鄉
果子山,臺東縣,東河鄉
犁頭尖山,臺東縣,長濱鄉
牛湖,臺東縣,長濱鄉
金針山,臺東縣,太麻里鄉
大蛇山,臺東縣,太麻里鄉
西川山,臺東縣,太麻里鄉
中大溪,臺東縣,太麻里鄉
上大溪,臺東縣,太麻里鄉
船仔澳,臺東縣,綠島鄉
石朗,臺東縣,綠島鄉
正澳,臺東縣,綠島鄉
假澳,臺東縣,綠島鄉
龜灣,臺東縣,綠島鄉
阿眉山,臺東縣,綠島鄉
鼻頭,臺東縣,綠島鄉
烏魚窟,臺東縣,綠島鄉
樓門岩,臺東縣,綠島鄉
楠仔湖,臺東縣,綠島鄉
海參坪,臺東縣,綠島鄉
哈巴狗岩,臺東縣,綠島鄉
牛頭山,臺東縣,綠島鄉
牛仔山,臺東縣,綠島鄉
朝日溫泉,臺東縣,綠島鄉
黑河,臺東縣,金峰鄉
白河,臺東縣,金峰鄉
伊卡帕南溪,臺東縣,金峰鄉
三仙台,臺東縣,成功鎮
新港山,臺東縣,成功鎮
柑仔山,臺東縣,成功鎮
濁水溪,臺東縣,關山鎮
虎頭山,臺東縣,卑南鄉
都老老恩溪,臺東縣,金峰鄉
都飛魯溫泉,臺東縣,金峰鄉
紅頭山,臺東縣,蘭嶼鄉
椰油灣,臺東縣,蘭嶼鄉
饅頭山,臺東縣,蘭嶼鄉
親不知鼻,臺東縣,蘭嶼鄉
小天池,臺東縣,蘭嶼鄉
鱷魚岩,臺東縣,蘭嶼鄉
坦克岩,臺東縣,蘭嶼鄉
玉女岩,臺東縣,蘭嶼鄉
小饅頭山,臺東縣,蘭嶼鄉
母雞岩,臺東縣,蘭嶼鄉
尖禿山,臺東縣,蘭嶼鄉
雙獅岩,臺東縣,蘭嶼鄉
軍艦岩,臺東縣,蘭嶼鄉
貝殼沙,臺東縣,蘭嶼鄉
東清灣,臺東縣,蘭嶼鄉
象鼻岩,臺東縣,蘭嶼鄉
吻岩,臺東縣,蘭嶼鄉
大森山,臺東縣,蘭嶼鄉
小蘭嶼,臺東縣,蘭嶼鄉
八代灣,臺東縣,蘭嶼鄉
漁人溪,臺東縣,蘭嶼鄉
太平溪,臺東縣,臺東市
貓山,臺東縣,臺東市
卑南大溪,臺東縣,臺東市
鯉魚山,臺東縣,臺東市
猴子山,臺東縣,臺東市
利嘉溪,臺東縣,臺東市
知本溪,臺東縣,臺東市
鯤鯓湖,臺南市,安平區
三重溪,臺南市,左鎮區
頭前溪,臺南市,左鎮區
竹子尖山,臺南市,南化區
後堀溪,臺南市,南化區
龍王瀑布,臺南市,南化區
王爺崙,臺南市,南化區
大尖山,臺南市,南化區
新娘仔潭,臺南市,楠西區
彎角潭,臺南市,楠西區
石龜仔潭,臺南市,楠西區
苦苓腳潭,臺南市,楠西區
鹿陶洋,臺南市,楠西區
盧芝潭,臺南市,楠西區
萊山,臺南市,楠西區
黑尖山,臺南市,楠西區
虎頭山,臺南市,楠西區
兩奶山,臺南市,楠西區
火炭潭,臺南市,楠西區
鹿寮溪,臺南市,白河區
頭前溪,臺南市,白河區
鯉魚山,臺南市,白河區
?籠山,臺南市,白河區
檳榔山,臺南市,白河區
大凍山,臺南市,白河區
枕頭山,臺南市,白河區
關仔嶺,臺南市,白河區
溫泉,臺南市,白河區
飛砂溪,臺南市,東區
二仁溪,臺南市,南區
喜樹仔港溪,臺南市,南區
日新溪,臺南市,南區
舊鹽埕溪,臺南市,南區
日新溪,臺南市,南區
舊鹽埕溪,臺南市,南區
七股潟湖,臺南市,七股區
愛文山,臺南市,玉井區
油礦山,臺南市,玉井區
後堀溪,臺南市,玉井區
虎尾山,臺南市,玉井區
虎頭山,臺南市,玉井區
斗六仔膦,臺南市,玉井區
四草湖,臺南市,安南區
鹿耳門,臺南市,安南區
鹿耳門溪,臺南市,安南區
曾文溪,臺南市,安南區
鹿耳門溪,臺南市,安南區
馬鞍山,臺南市,山上區
水道山,臺南市,山上區
月潭,臺南市,新市區
日潭,臺南市,新市區
大港,臺南市,北區
燕潭,臺南市,北區
倒風內海,臺南市,學甲區
竹篙山,臺南市,學甲區
溪洲,臺南市,大內區
竹溪,臺南市,中西區
魁斗山,臺南市,中西區
大埔,臺南市,六甲區
西港湖,臺南市,六甲區
許縣溪,臺南市,新化區
公館山,臺南市,新化區
內南河,臺南市,中西區
將軍山,臺南市,新化區
九層嶺,臺南市,新化區
九層嶺,臺南市,新化區
林公潭,臺南市,新化區
八掌溪,臺南市,北門區
急水溪,臺南市,北門區
漚汪灣,臺南市,將軍區
咬狗溪,臺南市,關廟區
龍蝦潭,臺南市,歸仁區
漚汪灣,臺南市,將軍區
五帝廟溪,臺南市,仁德區
二仁溪,臺南市,仁德區
三爺溪,臺南市,仁德區
竹溪,臺南市,中西區
魁斗山,臺南市,中西區
內南河,臺南市,中西區
林公潭,臺南市,新化區
八掌溪,臺南市,北門區
急水溪,臺南市,北門區
漚汪溪,臺南市,將軍區
將軍溪,臺南市,將軍區
七股鹽山,臺南市,七股區
白水溪,臺南市,白河區
六重溪,臺南市,白河區
三重溪,臺南市,白河區
大凍山,臺南市,東山區
鹿坪山,臺南市,東山區
劍文溪,臺南市,東山區
獅額山,臺南市,東山區
龜仔山,臺南市,東山區
干樂山,臺南市,東山區
破船堵山,臺南市,東山區
二尖山,臺南市,東山區
三尖山,臺南市,東山區
茄苓九湖,臺南市,東山區
一尖山,臺南市,東山區
崁頭山,臺南市,東山區
牛崗仔嶺,臺南市,東山區
雙連龜仔山,臺南市,東山區
十八重溪,臺南市,東山區
公館溪,臺南市,東山區
牛山,臺南市,東山區
二重溪,臺南市,東山區
德慶溪,臺南市,中西區
大鼓山,臺南市,左鎮區
二寮觀日和賞竹,臺南市,左鎮區
泥火山,臺南市,左鎮區
大股溪,臺南市,左鎮區
左鎮神木,臺南市,左鎮區
菜寮溪,臺南市,左鎮區
牛稠湖,臺南市,柳營區
急水溪,臺南市,柳營區
將軍山,臺南市,白河區
糞箕嵙,臺南市,白河區
德慶溪,臺南市,中西區
飛砂溪,臺南市,東區
二仁溪,臺南市,南區
大凍山,臺南市,東山區
鹿坪山,臺南市,東山區
劍文溪,臺南市,東山區
獅額山,臺南市,東山區
龜仔山,臺南市,東山區
干樂山,臺南市,東山區
破船堵山,臺南市,東山區
二尖山,臺南市,東山區
三尖山,臺南市,東山區
茄苓九湖,臺南市,東山區
一尖山,臺南市,東山區
崁頭山,臺南市,東山區
牛崗仔嶺,臺南市,東山區
雙連龜仔山,臺南市,東山區
十八重溪,臺南市,東山區
公館溪,臺南市,東山區
牛山,臺南市,東山區
二重溪,臺南市,東山區
喜樹仔港溪,臺南市,南區
日新溪,臺南市,南區
舊鹽埕溪,臺南市,南區
日新溪,臺南市,南區
舊鹽埕溪,臺南市,南區
七股潟湖,臺南市,七股區
漚汪溪,臺南市,將軍區
將軍溪,臺南市,將軍區
牛稠湖,臺南市,柳營區
七股鹽山,臺南市,七股區
白水溪,臺南市,白河區
六重溪,臺南市,白河區
三重溪,臺南市,白河區
倒風內海,臺南市,學甲區
竹篙山,臺南市,學甲區
急水溪,臺南市,柳營區
將軍山,臺南市,白河區
糞箕嵙,臺南市,白河區
鹿寮溪,臺南市,白河區
頭前溪,臺南市,白河區
鯉魚山,臺南市,白河區
?籠山,臺南市,白河區
檳榔山,臺南市,白河區
大凍山,臺南市,白河區
枕頭山,臺南市,白河區
關仔嶺,臺南市,白河區
溫泉,臺南市,白河區
王爺崙,臺南市,南化區
大尖山,臺南市,南化區
新娘仔潭,臺南市,楠西區
彎角潭,臺南市,楠西區
石龜仔潭,臺南市,楠西區
苦苓腳潭,臺南市,楠西區
窩鏡窗,臺南市,龍崎區
內葉嶺,臺南市,龍崎區
鹿陶洋,臺南市,楠西區
盧芝潭,臺南市,楠西區
黑尖山,臺南市,楠西區
虎頭山,臺南市,楠西區
兩奶山,臺南市,楠西區
火炭潭,臺南市,楠西區
愛文山,臺南市,玉井區
油礦山,臺南市,玉井區
後堀溪,臺南市,玉井區
虎尾山,臺南市,玉井區
虎頭山,臺南市,玉井區
溪洲,臺南市,大內區
鹿耳門溪,臺南市,安南區
大尖山,臺南市,龍崎區
馬鞍山,臺南市,龍崎區
雞心崙,臺南市,龍崎區
觀音山,臺南市,龍崎區
茄苳湖,臺南市,關廟區
牛長山,臺南市,關廟區
頂山,臺南市,關廟區
青龍山,臺南市,關廟區
大潭山,臺南市,關廟區
鯤鯓湖,臺南市,安平區
四草湖,臺南市,安南區
鹿耳門,臺南市,安南區
馬鞍山,臺南市,山上區
水道山,臺南市,山上區
月潭,臺南市,新市區
日潭,臺南市,新市區
大埔,臺南市,六甲區
西港湖,臺南市,六甲區
曾文溪,臺南市,安南區
鹿耳門溪,臺南市,安南區
大港,臺南市,北區
燕潭,臺南市,北區
許縣溪許寬溪,臺南市,新化區
公館山,臺南市,新化區
將軍山,臺南市,新化區
九層嶺,臺南市,新化區
九層嶺,臺南市,新化區
客鳥咬柴,澎湖縣,白沙鄉
萬丈潭,澎湖縣,白沙鄉
草嶼,澎湖縣,白沙鄉
金尪山,澎湖縣,白沙鄉
金嶼,澎湖縣,白沙鄉
險礁,澎湖縣,白沙鄉
鐵砧嶼,澎湖縣,白沙鄉
姑婆嶼,澎湖縣,白沙鄉
空殼礁,澎湖縣,白沙鄉
草嶼,澎湖縣,白沙鄉
瞭望山,澎湖縣,白沙鄉
順風礁,澎湖縣,白沙鄉
白公嶼,澎湖縣,白沙鄉
龜山,澎湖縣,白沙鄉
虎頭山,澎湖縣,白沙鄉
大頂山,澎湖縣,白沙鄉
白沙礁,澎湖縣,白沙鄉
流迴礁,澎湖縣,白沙鄉
通樑古榕,澎湖縣,白沙鄉
大倉嶼,澎湖縣,白沙鄉
員貝嶼,澎湖縣,白沙鄉
鳥嶼,澎湖縣,白沙鄉
南面掛嶼,澎湖縣,白沙鄉
白沙嶼,澎湖縣,白沙鄉
屈爪嶼,澎湖縣,白沙鄉
毛常嶼,澎湖縣,白沙鄉
毛司嶼,澎湖縣,白沙鄉
北礁,澎湖縣,白沙鄉
西崁山,澎湖縣,白沙鄉
目斗嶼,澎湖縣,白沙鄉
過嶼,澎湖縣,白沙鄉
大磽嶼,澎湖縣,白沙鄉
小列嶼,澎湖縣,白沙鄉
圓嶼,澎湖縣,馬公市
牛頭山,澎湖縣,馬公市
煙燉山,澎湖縣,馬公市
龍頭山,澎湖縣,馬公市
大埔山,澎湖縣,馬公市
虎頭山,澎湖縣,馬公市
觀音山,澎湖縣,馬公市
東邊海,澎湖縣,馬公市
西邊海,澎湖縣,馬公市
紗帽山,澎湖縣,馬公市
牛母山嶺,澎湖縣,馬公市
東港灣,澎湖縣,馬公市
蛇頭山,澎湖縣,馬公市
四角嶼,澎湖縣,馬公市
雞籠嶼,澎湖縣,馬公市
枸仔礁,澎湖縣,馬公市
畚箕湖,澎湖縣,湖西鄉
雞善嶼,澎湖縣,湖西鄉
奎璧山,澎湖縣,湖西鄉
赤嶼,澎湖縣,湖西鄉
番黍仔尾嶼,澎湖縣,湖西鄉
錠嶼,澎湖縣,湖西鄉
奎璧聯輝,澎湖縣,湖西鄉
虎頭山,澎湖縣,湖西鄉
後面山,澎湖縣,湖西鄉
羅經山,澎湖縣,湖西鄉
砱,澎湖縣,湖西鄉
東港山,澎湖縣,湖西鄉
西港山,澎湖縣,湖西鄉
西溪,澎湖縣,湖西鄉
太武山,澎湖縣,湖西鄉
雁情嶼,澎湖縣,湖西鄉
大城山,澎湖縣,湖西鄉
後面山,澎湖縣,湖西鄉
宅尖山,澎湖縣,湖西鄉
鯉魚山,澎湖縣,湖西鄉
門檻山,澎湖縣,湖西鄉
掩龜山,澎湖縣,湖西鄉
查母嶼,澎湖縣,湖西鄉
查埔嶼,澎湖縣,湖西鄉
崁仔山,澎湖縣,湖西鄉
戶頭角,澎湖縣,望安鄉
潭門港,澎湖縣,望安鄉
門仔海峽,澎湖縣,望安鄉
凹門礁,澎湖縣,望安鄉
酒甕礁,澎湖縣,望安鄉
瀨灣,澎湖縣,望安鄉
大山,澎湖縣,望安鄉
籠塭,澎湖縣,望安鄉
三塭,澎湖縣,望安鄉
鯉魚山,澎湖縣,望安鄉
風門山,澎湖縣,望安鄉
天台山,澎湖縣,望安鄉
天台山塭,澎湖縣,望安鄉
花宅灣,澎湖縣,望安鄉
虎頭山,澎湖縣,望安鄉
傾出塭仔,澎湖縣,望安鄉
鼻頭,澎湖縣,望安鄉
船路礁,澎湖縣,望安鄉
馬鞍嶼,澎湖縣,望安鄉
長塭仔,澎湖縣,望安鄉
紗帽,澎湖縣,望安鄉
四角山,澎湖縣,望安鄉
船帆嶼,澎湖縣,望安鄉
船帆嶼塭,澎湖縣,望安鄉
大礁,澎湖縣,望安鄉
紫菜礁,澎湖縣,望安鄉
桅仔板山,澎湖縣,望安鄉
水槍山,澎湖縣,望安鄉
海翁礁,澎湖縣,望安鄉
大塭,澎湖縣,望安鄉
平石灣,澎湖縣,望安鄉
東面頭塭,澎湖縣,望安鄉
東大塭仔,澎湖縣,望安鄉
石人灣,澎湖縣,望安鄉
貓嶼,澎湖縣,望安鄉
草嶼,澎湖縣,望安鄉
豬母礁,澎湖縣,望安鄉
南塭仔,澎湖縣,望安鄉
出頭塭仔,澎湖縣,望安鄉
柴垵仔塭,澎湖縣,望安鄉
虎頭山,澎湖縣,望安鄉
塭仔尾岸,澎湖縣,望安鄉
公眾戶塭仔,澎湖縣,望安鄉
內節塭仔篷,澎湖縣,望安鄉
鋤頭嶼,澎湖縣,望安鄉
東塭尾,澎湖縣,望安鄉
柴垵仔塭,澎湖縣,望安鄉
離塭仔,澎湖縣,望安鄉
深窟塭仔,澎湖縣,望安鄉
雁情嶼,澎湖縣,白沙鄉
小嶼,澎湖縣,白沙鄉
後壁溪,澎湖縣,西嶼鄉
紫菜礁,澎湖縣,西嶼鄉
塭仔礁,澎湖縣,西嶼鄉
龜腳灣,澎湖縣,西嶼鄉
馬齒礁,澎湖縣,西嶼鄉
海瀨礁,澎湖縣,西嶼鄉
西公礁,澎湖縣,西嶼鄉
蟳廣山,澎湖縣,西嶼鄉
鐘螺礁,澎湖縣,西嶼鄉
觀音山與十八羅漢,澎湖縣,西嶼鄉
網仔山,澎湖縣,西嶼鄉
紫菜礁,澎湖縣,西嶼鄉